"Condition","Line","EvoTime","Chr","Pos","Nuc_ref","Nuc_alt","Alt_freq"
"PM",1,"t200","II",128267,"C","A",0.35
"PM",1,"t200","IV",823531,"G","T",0.2857
"PM",1,"t200","IV",1471877,"G","A",0.4524
"PM",1,"t200","IX",216526,"A","C",0.338
"PM",1,"t200","X",102388,"C","A",0.2754
"PM",1,"t200","XI",396104,"A","C",0.2159
"PM",1,"t200","XIV",111167,"G","T",0.2424
"PM",1,"t200","XV",262009,"C","A",0.3611
"PM",1,"t400","II",88527,"T","A",0.2989
"PM",1,"t400","II",355554,"T","C",0.2
"PM",1,"t400","VII",426036,"G","T",0.3676
"PM",1,"t400","VII",656986,"G","T",0.2716
"PM",1,"t400","VII",666650,"C","A",0.2099
"PM",1,"t400","VII",834817,"C","T",0.2687
"PM",1,"t400","X",35653,"G","A",0.2651
"PM",1,"t400","X",647736,"G","C",0.3596
"PM",1,"t400","XII",90477,"G","A",0.1852
"PM",1,"t400","XII",93071,"C","A",0.2791
"PM",1,"t400","XII",418926,"C","T",0.5224
"PM",1,"t400","XII",577973,"T","C",0.2963
"PM",1,"t400","XII",638942,"C","A",0.2
"PM",1,"t400","XII",775005,"G","T",0.2162
"PM",1,"t400","XIV",506052,"A","C",0.25
"PM",1,"t400","XIV",671553,"T","C",0.2787
"PM",1,"t400","XVI",32159,"A","C",0.4412
"PM",1,"t400","XVI",49582,"G","C",0.3194
"PM",1,"t400","XVI",325618,"A","G",0.5385
"PM",1,"t600","II",111152,"G","A",0.2676
"PM",1,"t600","II",121084,"T","C",0.2254
"PM",1,"t600","II",734914,"A","G",0.1959
"PM",1,"t600","IV",641146,"T","C",0.1714
"PM",1,"t600","IV",1004379,"G","A",0.1782
"PM",1,"t600","VII",426036,"G","T",0.2639
"PM",1,"t600","VII",666650,"C","A",0.525
"PM",1,"t600","VII",834817,"C","T",0.3333
"PM",1,"t600","IX",172536,"G","A",0.2361
"PM",1,"t600","IX",172632,"C","T",0.2632
"PM",1,"t600","IX",214343,"G","A",0.1667
"PM",1,"t600","X",35653,"G","A",0.2143
"PM",1,"t600","X",440868,"T","C",0.3247
"PM",1,"t600","X",621893,"G","A",0.2055
"PM",1,"t600","XI",345326,"C","A",0.2462
"PM",1,"t600","XII",418926,"C","T",0.8125
"PM",1,"t600","XII",568434,"A","G",0.2763
"PM",1,"t600","XIII",140657,"C","T",0.2027
"PM",1,"t600","XIII",262332,"G","T",0.2716
"PM",1,"t600","XIII",673462,"T","A",0.4824
"PM",1,"t600","XIV",506052,"A","C",0.4545
"PM",1,"t600","XIV",671553,"T","C",0.2727
"PM",1,"t600","XV",44583,"CTGGTGCTACCCATAACACCCT","C",0.1125
"PM",1,"t600","XV",180024,"C","T",0.3194
"PM",1,"t600","XV",397110,"G","T",0.2203
"PM",1,"t600","XVI",20879,"G","A",0.14
"PM",1,"t600","XVI",32159,"A","C",0.2222
"PM",1,"t600","XVI",49582,"G","C",0.284
"PM",1,"t600","XVI",325618,"A","G",0.481
"PM",1,"t600","XVI",591955,"A","C",0.2836
"PM",1,"t1000","I",119254,"T","A",0.2718
"PM",1,"t1000","IV",214102,"C","A",0.3306
"PM",1,"t1000","IV",541341,"T","A",0.236
"PM",1,"t1000","IV",687948,"C","T",0.2222
"PM",1,"t1000","IV",1022449,"C","G",0.2644
"PM",1,"t1000","IV",1461717,"G","A",0.2178
"PM",1,"t1000","IV",1508628,"G","T",0.2353
"PM",1,"t1000","VI",44689,"G","A",0.1744
"PM",1,"t1000","VII",219812,"T","G",0.375
"PM",1,"t1000","VII",228834,"T","G",0.3131
"PM",1,"t1000","VII",426036,"G","T",0.3021
"PM",1,"t1000","VII",666650,"C","A",0.802
"PM",1,"t1000","VII",897656,"A","C",0.7416
"PM",1,"t1000","IX",298407,"G","A",0.2358
"PM",1,"t1000","X",35653,"G","A",0.7345
"PM",1,"t1000","X",250552,"G","A",0.2376
"PM",1,"t1000","X",289539,"G","T",0.2264
"PM",1,"t1000","X",338834,"T","C",0.3011
"PM",1,"t1000","XI",557875,"A","T",0.3043
"PM",1,"t1000","XI",557876,"C","T",0.3043
"PM",1,"t1000","XI",617888,"A","T",0.25
"PM",1,"t1000","XII",418926,"C","T",0.8152
"PM",1,"t1000","XII",437297,"T","A",0.3014
"PM",1,"t1000","XII",613321,"T","G",1
"PM",1,"t1000","XII",870293,"C","G",0.1892
"PM",1,"t1000","XIII",74049,"T","G",0.2317
"PM",1,"t1000","XIII",136012,"G","T",0.2414
"PM",1,"t1000","XIII",585123,"T","G",0.1912
"PM",1,"t1000","XIII",601175,"G","T",0.26
"PM",1,"t1000","XIII",664174,"C","T",0.2087
"PM",1,"t1000","XIV",157037,"T","G",0.2917
"PM",1,"t1000","XIV",506052,"A","C",0.2
"PM",1,"t1000","XIV",634080,"T","C",0.1393
"PM",1,"t1000","XIV",671553,"T","C",0.1781
"PM",1,"t1000","XV",217811,"C","T",0.2614
"PM",1,"t1000","XV",442415,"C","A",0.2549
"PM",1,"t1000","XV",575051,"CA","C",0.4353
"PM",1,"t1000","XVI",20879,"G","A",0.1958
"PM",1,"t1000","XVI",49582,"G","C",0.451
"PM",1,"t1000","XVI",325618,"A","G",0.5833
"PM",2,"t200","II",186463,"C","A",0.2603
"PM",2,"t200","II",613760,"T","G",0.3797
"PM",2,"t200","V",212835,"C","G",0.2436
"PM",2,"t200","V",251328,"C","A",0.4146
"PM",2,"t200","V",372303,"T","G",0.2319
"PM",2,"t200","VII",322282,"C","T",0.2459
"PM",2,"t200","VII",725104,"G","A",0.1944
"PM",2,"t200","XIII",159127,"G","C",0.2537
"PM",2,"t200","XIII",380597,"G","A",0.2083
"PM",2,"t200","XIII",833402,"A","C",0.1795
"PM",2,"t400","II",28556,"A","T",0.2857
"PM",2,"t400","V",395027,"G","A",0.2131
"PM",2,"t400","VI",89954,"T","C",0.2368
"PM",2,"t400","VII",102556,"G","C",0.32
"PM",2,"t400","IX",61714,"G","T",0.2545
"PM",2,"t400","IX",346783,"T","C",0.2857
"PM",2,"t400","XI",19724,"T","G",0.3559
"PM",2,"t400","XI",652599,"A","G",0.2364
"PM",2,"t400","XII",494648,"C","T",0.2381
"PM",2,"t400","XII",842871,"G","A",0.5098
"PM",2,"t400","XIII",521994,"C","T",0.2778
"PM",2,"t400","XIV",547858,"C","A",0.3387
"PM",2,"t400","XV",383808,"C","A",0.3788
"PM",2,"t400","XV",411501,"C","G",0.3
"PM",2,"t400","XV",442818,"G","A",0.3099
"PM",2,"t400","XVI",645862,"A","G",0.2353
"PM",2,"t600","I",178968,"C","T",0.2466
"PM",2,"t600","II",628132,"T","G",0.2143
"PM",2,"t600","IV",741964,"G","A",0.3623
"PM",2,"t600","V",85587,"G","A",0.2817
"PM",2,"t600","V",182970,"C","A",0.2812
"PM",2,"t600","V",404762,"A","G",0.3088
"PM",2,"t600","VI",103356,"G","A",0.3143
"PM",2,"t600","VI",162288,"G","A",0.2273
"PM",2,"t600","VI",231345,"G","A",0.2857
"PM",2,"t600","VII",46889,"C","T",0.2405
"PM",2,"t600","VII",456127,"C","A",0.566
"PM",2,"t600","VII",602659,"A","C",0.7705
"PM",2,"t600","VIII",393978,"C","T",0.2923
"PM",2,"t600","IX",118902,"C","T",0.2769
"PM",2,"t600","X",164841,"C","T",0.2941
"PM",2,"t600","XI",236597,"G","A",0.2
"PM",2,"t600","XI",302902,"G","A",0.2097
"PM",2,"t600","XI",652599,"A","G",0.2179
"PM",2,"t600","XII",381155,"C","A",0.3205
"PM",2,"t600","XII",737518,"G","A",0.6456
"PM",2,"t600","XII",842871,"G","A",0.5738
"PM",2,"t600","XIII",619759,"C","G",0.2051
"PM",2,"t600","XIII",740204,"C","T",0.25
"PM",2,"t600","XIV",197882,"C","T",0.3276
"PM",2,"t600","XIV",300600,"G","C",0.2267
"PM",2,"t600","XV",1059703,"C","A",0.2785
"PM",2,"t600","XVI",652481,"T","C",0.2763
"PM",2,"t600","XVI",902866,"T","A",0.2209
"PM",2,"t1000","II",117937,"A","G",0.25
"PM",2,"t1000","II",303889,"T","C",0.198
"PM",2,"t1000","II",413753,"T","G",0.2458
"PM",2,"t1000","II",454303,"C","G",0.1947
"PM",2,"t1000","II",464497,"G","A",0.4624
"PM",2,"t1000","III",1693,"A","C",0.4321
"PM",2,"t1000","IV",54047,"A","T",0.2323
"PM",2,"t1000","IV",358717,"C","T",0.2583
"PM",2,"t1000","IV",1517612,"C","T",0.2869
"PM",2,"t1000","V",291910,"C","T",0.2644
"PM",2,"t1000","VI",51277,"T","G",0.1954
"PM",2,"t1000","VII",102556,"G","C",0.3151
"PM",2,"t1000","VII",310705,"C","G",0.2857
"PM",2,"t1000","VII",387487,"C","G",0.2111
"PM",2,"t1000","VII",432041,"TC","T",0.325
"PM",2,"t1000","VII",619961,"A","T",0.2386
"PM",2,"t1000","VII",787916,"A","G",0.2785
"PM",2,"t1000","XI",113097,"C","G",0.2651
"PM",2,"t1000","XI",575947,"G","A",0.23
"PM",2,"t1000","XI",652599,"A","G",0.2179
"PM",2,"t1000","XII",245302,"A","C",0.2906
"PM",2,"t1000","XII",732577,"C","T",0.4052
"PM",2,"t1000","XII",842871,"G","A",0.7209
"PM",2,"t1000","XII",856259,"C","T",0.1481
"PM",2,"t1000","XIII",9428,"C","T",0.2143
"PM",2,"t1000","XIII",91936,"G","A",0.2338
"PM",2,"t1000","XIII",239601,"A","C",0.34
"PM",2,"t1000","XIII",330985,"G","T",0.2241
"PM",2,"t1000","XIII",352743,"C","G",0.215
"PM",2,"t1000","XIV",21615,"C","T",0.2993
"PM",2,"t1000","XIV",628805,"A","C",0.2644
"PM",2,"t1000","XV",587740,"C","T",1
"PM",2,"t1000","XVI",217606,"G","A",0.2941
"PM",2,"t1000","XVI",618906,"A","G",0.253
"PM",2,"t1000","XVI",874193,"C","G",0.25
"PM",3,"t200","II",144975,"G","A",0.3019
"PM",3,"t200","II",721005,"A","G",0.3077
"PM",3,"t200","IV",559612,"C","A",0.3676
"PM",3,"t200","VIII",395827,"T","C",0.2639
"PM",3,"t200","IX",162763,"G","A",0.2812
"PM",3,"t200","X",135341,"C","T",0.3043
"PM",3,"t200","X",204298,"C","G",0.1538
"PM",3,"t200","XII",38257,"C","T",0.3056
"PM",3,"t200","XV",801468,"T","C",0.2344
"PM",3,"t200","XVI",562566,"G","T",0.2267
"PM",3,"t200","XVI",769201,"A","G",0.2273
"PM",3,"t400","IV",201360,"T","C",0.2034
"PM",3,"t400","X",399437,"T","C",0.2895
"PM",3,"t400","X",651815,"T","C",0.2245
"PM",3,"t400","X",672877,"C","A",0.2162
"PM",3,"t400","XIV",51807,"T","C",0.2295
"PM",3,"t400","XIV",533709,"T","C",0.2941
"PM",3,"t600","II",360243,"G","T",0.2424
"PM",3,"t600","VII",182467,"C","A",0.3231
"PM",3,"t600","VII",687436,"G","T",0.2745
"PM",3,"t600","X",355911,"A","G",0.3333
"PM",3,"t600","X",543064,"G","T",0.2364
"PM",3,"t600","XI",516034,"C","A",0.1842
"PM",3,"t600","XII",966740,"G","T",0.7727
"PM",3,"t600","XIII",170137,"C","T",0.2381
"PM",3,"t600","XIII",578307,"C","T",0.2
"PM",3,"t600","XIV",495396,"G","T",0.2941
"PM",3,"t600","XV",626188,"A","T",0.3171
"PM",3,"t600","XVI",220289,"C","T",0.2586
"PM",3,"t1000","I",35256,"T","A",0.2169
"PM",3,"t1000","III",82587,"C","T",0.2667
"PM",3,"t1000","IV",707991,"C","T",0.5189
"PM",3,"t1000","V",89335,"C","T",0.2553
"PM",3,"t1000","VI",261386,"A","C",0.2593
"PM",3,"t1000","VIII",97432,"G","A",0.2424
"PM",3,"t1000","VIII",390889,"A","T",0.2353
"PM",3,"t1000","VIII",434293,"T","G",0.2366
"PM",3,"t1000","IX",44833,"A","G",0.2024
"PM",3,"t1000","IX",47550,"C","A",0.2529
"PM",3,"t1000","XII",146318,"G","C",0.2857
"PM",3,"t1000","XII",253679,"G","T",0.2737
"PM",3,"t1000","XII",613717,"T","C",0.71
"PM",3,"t1000","XII",1044924,"G","T",1
"PM",3,"t1000","XIII",484604,"T","A",0.21
"PM",3,"t1000","XIII",578307,"C","T",0.3053
"PM",3,"t1000","XIII",583696,"C","T",0.2692
"PM",3,"t1000","XV",418881,"A","C",0.2609
"PM",3,"t1000","XV",865733,"T","C",0.2909
"PM",3,"t1000","XV",883358,"C","T",0.1739
"PM",3,"t1000","XVI",187006,"C","T",0.2568
"PM",4,"t200","X",391242,"C","TRUE",0.2642
"PM",4,"t200","X",646763,"C","TRUE",0.2535
"PM",4,"t400","II",443595,"C","G",0.1569
"PM",4,"t400","IV",499006,"G","T",0.2143
"PM",4,"t400","VI",130042,"C","T",0.2545
"PM",4,"t400","VII",428431,"C","T",0.3333
"PM",4,"t400","VII",583079,"C","A",0.2174
"PM",4,"t400","X",44824,"A","C",0.283
"PM",4,"t400","X",297512,"A","T",0.1714
"PM",4,"t400","XII",238352,"A","G",0.4211
"PM",4,"t400","XVI",333302,"G","A",0.2807
"PM",4,"t400","XVI",923371,"G","A",0.4286
"PM",4,"t600","I",59322,"A","C",0.2857
"PM",4,"t600","IV",499006,"G","T",0.25
"PM",4,"t600","IV",810290,"C","G",0.2857
"PM",4,"t600","VI",130042,"C","T",0.1846
"PM",4,"t600","VII",531804,"G","C",0.2162
"PM",4,"t600","X",44824,"A","C",0.5375
"PM",4,"t600","X",128104,"G","A",0.2558
"PM",4,"t600","X",297512,"A","T",0.2432
"PM",4,"t600","X",506020,"T","G",0.2917
"PM",4,"t600","XII",540025,"C","T",0.2656
"PM",4,"t600","XII",793808,"G","T",0.2727
"PM",4,"t600","XV",395978,"G","T",0.3913
"PM",4,"t1000","I",99969,"T","C",0.1698
"PM",4,"t1000","II",519116,"C","A",0.3478
"PM",4,"t1000","II",720764,"C","T",0.2564
"PM",4,"t1000","III",188262,"C","A",0.2174
"PM",4,"t1000","IV",215926,"T","A",0.4955
"PM",4,"t1000","IV",339718,"C","T",0.1842
"PM",4,"t1000","IV",928349,"T","C",0.1974
"PM",4,"t1000","V",74437,"A","G",0.22
"PM",4,"t1000","V",121451,"A","C",0.2381
"PM",4,"t1000","V",381041,"A","C",0.2436
"PM",4,"t1000","V",484461,"G","C",0.3171
"PM",4,"t1000","VI",149812,"A","G",0.2969
"PM",4,"t1000","VII",224730,"C","G",0.2222
"PM",4,"t1000","VII",480709,"C","G",0.2667
"PM",4,"t1000","VII",862830,"A","C",0.2393
"PM",4,"t1000","VII",878715,"C","G",0.1609
"PM",4,"t1000","VII",960302,"C","A",0.2376
"PM",4,"t1000","VIII",160012,"G","A",0.3491
"PM",4,"t1000","VIII",454148,"C","T",0.1538
"PM",4,"t1000","VIII",495873,"G","C",0.2706
"PM",4,"t1000","VIII",520101,"T","C",0.3125
"PM",4,"t1000","IX",318348,"G","A",0.3412
"PM",4,"t1000","IX",412263,"C","G",0.2568
"PM",4,"t1000","X",56263,"A","G",0.2907
"PM",4,"t1000","X",369267,"C","G",0.2029
"PM",4,"t1000","X",601240,"G","A",0.2576
"PM",4,"t1000","X",698017,"G","A",0.2381
"PM",4,"t1000","XI",219913,"G","A",0.2295
"PM",4,"t1000","XII",210444,"C","A",0.2174
"PM",4,"t1000","XII",689683,"G","C",0.807
"PM",4,"t1000","XII",985267,"G","T",0.7126
"PM",4,"t1000","XIII",280467,"C","A",0.2022
"PM",4,"t1000","XIII",283402,"C","T",0.2639
"PM",4,"t1000","XIII",347777,"C","T",0.1515
"PM",4,"t1000","XIII",810109,"T","A",0.2991
"PM",4,"t1000","XIV",302695,"T","C",0.2537
"PM",4,"t1000","XV",408508,"G","C",0.1935
"PM",4,"t1000","XV",563207,"C","T",0.2787
"PM",4,"t1000","XVI",262274,"G","A",0.2308
"PM",4,"t1000","XVI",733338,"T","G",0.2987
"PM",5,"t200","VII",948787,"G","C",0.1026
"PM",5,"t200","IX",119468,"C","G",0.125
"PM",5,"t200","IX",402338,"G","A",0.3167
"PM",5,"t200","XI",340757,"G","A",0.2459
"PM",5,"t200","XIII",134059,"C","T",0.1967
"PM",5,"t200","XV",618042,"T","G",0.1455
"PM",5,"t200","XVI",335342,"A","C",0.1957
"PM",5,"t200","XVI",358043,"C","T",0.15
"PM",5,"t400","IV",150763,"T","C",0.2826
"PM",5,"t400","IV",1177882,"A","G",0.3333
"PM",5,"t400","IV",1485127,"T","A",0.4444
"PM",5,"t400","IV",1485138,"C","G",0.4
"PM",5,"t400","XII",377411,"C","T",0.3
"PM",5,"t400","XV",117178,"G","A",0.2653
"PM",5,"t600","IV",469707,"G","A",0.3333
"PM",5,"t600","V",236747,"T","C",0.3043
"PM",5,"t600","V",406408,"T","A",0.24
"PM",5,"t600","V",477332,"T","C",0.3235
"PM",5,"t600","VI",127093,"G","A",0.2182
"PM",5,"t600","VIII",258450,"A","C",0.25
"PM",5,"t600","IX",140688,"G","A",0.2459
"PM",5,"t600","IX",331918,"A","G",0.2241
"PM",5,"t600","XII",199699,"C","T",0.2162
"PM",5,"t600","XII",577542,"G","A",0.2063
"PM",5,"t600","XIII",555290,"A","C",0.2754
"PM",5,"t600","XV",459627,"T","G",0.25
"PM",5,"t600","XV",661624,"C","A",0.541
"PM",5,"t600","XV",752875,"G","A",0.4615
"PM",5,"t600","XVI",566782,"C","T",0.25
"PM",5,"t600","XVI",888125,"A","G",0.2879
"PM",5,"t1000","II",778437,"T","A",0.2237
"PM",5,"t1000","III",149901,"A","G",0.3103
"PM",5,"t1000","III",292161,"G","C",0.1951
"PM",5,"t1000","IV",666494,"C","A",0.4643
"PM",5,"t1000","IV",1465311,"G","C",0.7606
"PM",5,"t1000","V",136651,"C","T",0.2958
"PM",5,"t1000","VI",268454,"G","T",0.2597
"PM",5,"t1000","VII",561062,"C","T",0.2535
"PM",5,"t1000","VIII",66916,"T","G",0.2626
"PM",5,"t1000","VIII",132431,"C","T",0.1667
"PM",5,"t1000","VIII",378476,"T","C",0.2614
"PM",5,"t1000","X",114530,"C","T",0.2712
"PM",5,"t1000","XI",58498,"G","A",0.2841
"PM",5,"t1000","XI",168337,"G","A",0.2574
"PM",5,"t1000","XI",337927,"T","C",0.2024
"PM",5,"t1000","XII",164540,"C","T",0.1951
"PM",5,"t1000","XII",235969,"G","A",0.2
"PM",5,"t1000","XII",983566,"A","G",0.3176
"PM",5,"t1000","XIII",141313,"T","C",0.1818
"PM",5,"t1000","XIII",333228,"G","C",0.1558
"PM",5,"t1000","XIII",575169,"G","T",0.2093
"PM",5,"t1000","XIII",634380,"G","A",0.2353
"PM",5,"t1000","XIII",640046,"T","C",0.4068
"PM",5,"t1000","XVI",35642,"A","G",0.25
"PA",1,"t200","II",70494,"T","C",0.2132
"PA",1,"t200","IV",1030371,"G","A",0.275
"PA",1,"t200","IV",1072032,"C","A",0.1215
"PA",1,"t200","IV",1491567,"C","T",0.5207
"PA",1,"t200","VI",241348,"G","A",0.3741
"PA",1,"t200","IX",264825,"C","T",0.2381
"PA",1,"t200","X",647857,"C","T",1
"PA",1,"t200","XI",129811,"A","T",0.2642
"PA",1,"t200","XII",136624,"G","A",0.1888
"PA",1,"t200","XII",300286,"T","C",0.1707
"PA",1,"t200","XII",358973,"T","A",0.4854
"PA",1,"t200","XII",1034858,"C","A",0.4818
"PA",1,"t200","XII",1049381,"C","T",0.1901
"PA",1,"t200","XIII",497151,"G","A",0.2222
"PA",1,"t200","XVI",657408,"T","C",0.1769
"PA",1,"t400","II",175966,"C","T",0.2446
"PA",1,"t400","II",345533,"G","T",0.2623
"PA",1,"t400","II",510383,"G","A",0.2632
"PA",1,"t400","II",753615,"C","T",0.2674
"PA",1,"t400","III",32815,"C","G",0.1825
"PA",1,"t400","III",270040,"T","G",0.2479
"PA",1,"t400","III",302884,"G","C",0.1803
"PA",1,"t400","IV",996345,"G","A",0.2372
"PA",1,"t400","IV",1366870,"T","A",0.1969
"PA",1,"t400","IV",1491567,"C","T",0.4943
"PA",1,"t400","V",290178,"C","T",0.249
"PA",1,"t400","VII",440719,"G","A",0.2302
"PA",1,"t400","VIII",35684,"G","T",0.1543
"PA",1,"t400","VIII",206068,"G","A",0.3723
"PA",1,"t400","VIII",331646,"G","C",0.1389
"PA",1,"t400","VIII",395918,"A","G",0.1892
"PA",1,"t400","X",356756,"G","A",0.1946
"PA",1,"t400","X",647857,"C","T",1
"PA",1,"t400","XI",95688,"C","T",0.25
"PA",1,"t400","XI",326897,"G","A",0.2642
"PA",1,"t400","XII",38567,"G","A",0.244
"PA",1,"t400","XII",358973,"T","A",0.5154
"PA",1,"t400","XII",846594,"T","C",0.2674
"PA",1,"t400","XIII",41404,"C","T",0.2591
"PA",1,"t400","XIII",599761,"T","C",0.1308
"PA",1,"t400","XIII",877410,"T","G",0.2475
"PA",1,"t400","XIV",312963,"A","G",0.2277
"PA",1,"t400","XIV",441767,"G","A",0.2663
"PA",1,"t400","XV",515311,"A","T",0.522
"PA",1,"t400","XVI",119171,"A","G",0.2254
"PA",1,"t600","II",175966,"C","T",0.244
"PA",1,"t600","II",345533,"G","T",0.2429
"PA",1,"t600","II",510383,"G","A",0.3288
"PA",1,"t600","II",753615,"C","T",0.2883
"PA",1,"t600","III",270040,"T","G",0.3986
"PA",1,"t600","III",302884,"G","C",0.4304
"PA",1,"t600","IV",962144,"A","G",0.2381
"PA",1,"t600","IV",996345,"G","A",0.2403
"PA",1,"t600","IV",1366870,"T","A",0.2365
"PA",1,"t600","IV",1491567,"C","T",0.4826
"PA",1,"t600","V",311445,"A","G",0.2557
"PA",1,"t600","V",435871,"G","T",0.2949
"PA",1,"t600","VII",440719,"G","A",0.3453
"PA",1,"t600","VII",957744,"T","C",0.4312
"PA",1,"t600","VIII",35684,"G","T",0.1781
"PA",1,"t600","VIII",44859,"T","A",0.1434
"PA",1,"t600","VIII",206068,"G","A",0.3807
"PA",1,"t600","VIII",331646,"G","C",0.157
"PA",1,"t600","VIII",395918,"A","G",0.144
"PA",1,"t600","IX",156233,"G","T",0.1495
"PA",1,"t600","IX",419497,"G","A",0.2013
"PA",1,"t600","X",356756,"G","A",0.1987
"PA",1,"t600","X",647857,"C","T",0.9625
"PA",1,"t600","XI",37223,"G","C",0.3115
"PA",1,"t600","XI",95688,"C","T",0.2514
"PA",1,"t600","XI",326897,"G","A",0.2228
"PA",1,"t600","XII",358973,"T","A",0.7872
"PA",1,"t600","XII",846594,"T","C",0.1377
"PA",1,"t600","XIII",23985,"G","T",0.277
"PA",1,"t600","XIII",41404,"C","T",0.3054
"PA",1,"t600","XIII",192219,"C","A",0.2617
"PA",1,"t600","XIII",540385,"G","T",0.4675
"PA",1,"t600","XIII",873863,"C","T",0.2174
"PA",1,"t600","XIV",312963,"A","G",0.385
"PA",1,"t600","XV",515311,"A","T",0.6057
"PA",1,"t600","XV",922197,"C","T",0.2298
"PA",1,"t600","XVI",306976,"C","G",0.2632
"PA",1,"t600","XVI",824288,"G","A",0.3561
"PA",1,"t1000","II",175966,"C","T",0.2308
"PA",1,"t1000","II",345533,"G","T",0.2222
"PA",1,"t1000","II",510383,"G","A",0.2857
"PA",1,"t1000","II",588519,"C","A",0.1905
"PA",1,"t1000","II",753615,"C","T",0.2424
"PA",1,"t1000","II",758365,"G","A",0.2
"PA",1,"t1000","III",180899,"C","T",0.4
"PA",1,"t1000","III",270040,"T","G",0.4444
"PA",1,"t1000","III",302884,"G","C",0.381
"PA",1,"t1000","III",316203,"G","A",0.1333
"PA",1,"t1000","IV",261787,"C","A",0.1739
"PA",1,"t1000","IV",407095,"G","A",0.1273
"PA",1,"t1000","IV",962144,"A","G",0.2222
"PA",1,"t1000","IV",996345,"G","A",0.6316
"PA",1,"t1000","IV",1366870,"T","A",0.2368
"PA",1,"t1000","IV",1491567,"C","T",0.5161
"PA",1,"t1000","V",311445,"A","G",0.2963
"PA",1,"t1000","V",435871,"G","T",0.3529
"PA",1,"t1000","VII",440719,"G","A",0.1463
"PA",1,"t1000","VII",552659,"G","T",0.26
"PA",1,"t1000","VII",783443,"G","A",0.1892
"PA",1,"t1000","VII",947016,"GT","G",0.3462
"PA",1,"t1000","VII",957744,"T","C",0.5
"PA",1,"t1000","VIII",30637,"C","G",0.1111
"PA",1,"t1000","VIII",35684,"G","T",0.14
"PA",1,"t1000","VIII",44859,"T","A",0.1579
"PA",1,"t1000","VIII",133041,"T","C",0.1714
"PA",1,"t1000","VIII",206068,"G","A",0.2903
"PA",1,"t1000","VIII",331646,"G","C",0.3488
"PA",1,"t1000","VIII",395918,"A","G",0.2188
"PA",1,"t1000","X",356756,"G","A",0.2857
"PA",1,"t1000","X",567567,"C","A",0.2857
"PA",1,"t1000","X",647857,"C","T",1
"PA",1,"t1000","XI",109584,"C","G",0.27
"PA",1,"t1000","XI",326897,"G","A",0.5429
"PA",1,"t1000","XI",640373,"G","T",0.25
"PA",1,"t1000","XII",260102,"C","T",0.3143
"PA",1,"t1000","XII",358973,"T","A",0.6944
"PA",1,"t1000","XII",389991,"T","C",0.1786
"PA",1,"t1000","XII",739765,"G","A",0.1892
"PA",1,"t1000","XII",846594,"T","C",0.2439
"PA",1,"t1000","XIII",9814,"G","C",0.1429
"PA",1,"t1000","XIII",41404,"C","T",0.2857
"PA",1,"t1000","XIII",192219,"C","A",0.375
"PA",1,"t1000","XIII",540385,"G","T",0.5085
"PA",1,"t1000","XIII",831925,"G","A",0.1333
"PA",1,"t1000","XIV",88448,"CATG","C",0.2581
"PA",1,"t1000","XIV",284931,"T","G",0.3111
"PA",1,"t1000","XIV",312963,"A","G",0.3659
"PA",1,"t1000","XIV",489973,"T","C",0.2222
"PA",1,"t1000","XV",196004,"T","C",0.3077
"PA",1,"t1000","XV",206853,"A","G",0.2778
"PA",1,"t1000","XV",515311,"A","T",0.4444
"PA",1,"t1000","XVI",306976,"C","G",0.1818
"PA",1,"t1000","XVI",454339,"C","A",0.2759
"PA",2,"t200","II",240583,"T","C",0.1977
"PA",2,"t200","II",269323,"C","T",0.1302
"PA",2,"t200","II",316449,"G","T",0.3588
"PA",2,"t200","VI",39330,"T","A",0.6239
"PA",2,"t200","VII",827598,"G","C",0.2759
"PA",2,"t200","VII",957729,"G","T",0.5
"PA",2,"t200","X",97522,"C","T",0.5119
"PA",2,"t200","X",531865,"C","A",0.2441
"PA",2,"t200","XII",760972,"G","C",0.1689
"PA",2,"t200","XIII",270186,"A","T",0.5432
"PA",2,"t400","II",316449,"G","T",0.375
"PA",2,"t400","IV",727219,"C","A",0.25
"PA",2,"t400","IV",798775,"G","T",0.1458
"PA",2,"t400","IV",1352513,"C","A",0.1129
"PA",2,"t400","IV",1465417,"C","A",0.4853
"PA",2,"t400","V",511671,"G","T",0.1029
"PA",2,"t400","VII",118671,"A","G",0.1053
"PA",2,"t400","VIII",166245,"C","A",0.0841
"PA",2,"t400","IX",63538,"C","T",0.1273
"PA",2,"t400","X",97522,"C","T",0.3857
"PA",2,"t400","XII",232533,"C","T",0.1154
"PA",2,"t400","XII",846614,"G","C",0.0923
"PA",2,"t400","XIII",770418,"C","G",0.3519
"PA",2,"t400","XIV",126725,"A","T",0.1087
"PA",2,"t400","XIV",358252,"C","T",0.2692
"PA",2,"t400","XV",253030,"A","G",0.1373
"PA",2,"t400","XV",1020658,"G","C",0.1754
"PA",2,"t400","XVI",778763,"G","A",0.1094
"PA",2,"t600","I",174689,"C","T",0.3006
"PA",2,"t600","II",316449,"G","T",0.796
"PA",2,"t600","IV",196814,"C","T",0.4851
"PA",2,"t600","IV",384185,"G","T",0.2677
"PA",2,"t600","IV",395622,"A","T",0.2778
"PA",2,"t600","IV",727219,"C","A",0.2044
"PA",2,"t600","IV",798775,"G","T",0.11
"PA",2,"t600","IV",896107,"A","G",0.2074
"PA",2,"t600","IV",1352513,"C","A",0.189
"PA",2,"t600","IV",1465417,"C","A",0.9893
"PA",2,"t600","V",289356,"A","G",0.2378
"PA",2,"t600","V",419511,"T","G",0.2701
"PA",2,"t600","V",511671,"G","T",0.3171
"PA",2,"t600","VI",44136,"C","A",0.213
"PA",2,"t600","VI",106610,"C","G",0.25
"PA",2,"t600","VII",118671,"A","G",0.2434
"PA",2,"t600","IX",63538,"C","T",0.2462
"PA",2,"t600","IX",177398,"C","A",0.4657
"PA",2,"t600","X",97522,"C","T",0.6054
"PA",2,"t600","X",124672,"C","T",0.16
"PA",2,"t600","X",149239,"G","C",0.202
"PA",2,"t600","XI",421775,"C","T",0.2755
"PA",2,"t600","XII",66331,"C","G",0.2761
"PA",2,"t600","XII",232533,"C","T",0.2619
"PA",2,"t600","XII",613034,"G","A",0.2849
"PA",2,"t600","XIII",20340,"A","G",0.226
"PA",2,"t600","XIII",770418,"C","G",0.8025
"PA",2,"t600","XIV",126725,"A","T",0.2422
"PA",2,"t600","XIV",181556,"G","T",0.2717
"PA",2,"t600","XIV",358252,"C","T",0.5053
"PA",2,"t600","XIV",513315,"C","T",0.2241
"PA",2,"t600","XV",183069,"G","T",0.2539
"PA",2,"t600","XV",253030,"A","G",0.1942
"PA",2,"t600","XV",1020658,"G","C",0.4802
"PA",2,"t600","XVI",775852,"A","G",1
"PA",2,"t600","XVI",778763,"G","A",0.2378
"PA",2,"t1000","I",174689,"C","T",0.5227
"PA",2,"t1000","II",316449,"G","T",0.7857
"PA",2,"t1000","II",343748,"G","A",0.1075
"PA",2,"t1000","IV",179392,"G","T",0.3571
"PA",2,"t1000","IV",196814,"C","T",0.4848
"PA",2,"t1000","IV",727219,"C","A",0.2537
"PA",2,"t1000","IV",896107,"A","G",0.1887
"PA",2,"t1000","IV",1352513,"C","A",0.2692
"PA",2,"t1000","IV",1465417,"C","A",1
"PA",2,"t1000","V",59842,"G","A",0.2807
"PA",2,"t1000","V",161476,"G","C",0.1739
"PA",2,"t1000","V",200574,"A","G",0.2208
"PA",2,"t1000","V",289356,"A","G",0.2727
"PA",2,"t1000","V",450048,"A","G",0.2113
"PA",2,"t1000","V",511671,"G","T",0.2881
"PA",2,"t1000","V",546966,"G","A",0.297
"PA",2,"t1000","VI",44136,"C","A",0.3966
"PA",2,"t1000","VII",118671,"A","G",0.3284
"PA",2,"t1000","VII",371588,"T","G",0.1818
"PA",2,"t1000","VII",810231,"C","T",0.2708
"PA",2,"t1000","VII",868694,"T","G",0.2167
"PA",2,"t1000","VII",952124,"G","T",0.2394
"PA",2,"t1000","VIII",166245,"C","A",0.1417
"PA",2,"t1000","IX",63538,"C","T",0.1772
"PA",2,"t1000","IX",86608,"G","T",0.1636
"PA",2,"t1000","IX",168657,"T","A",0.2267
"PA",2,"t1000","IX",177398,"C","A",0.4583
"PA",2,"t1000","X",97522,"C","T",0.547
"PA",2,"t1000","X",149239,"G","C",0.2034
"PA",2,"t1000","X",382385,"T","C",0.1481
"PA",2,"t1000","XI",421775,"C","T",0.1228
"PA",2,"t1000","XII",232533,"C","T",0.1412
"PA",2,"t1000","XII",272175,"C","A",0.5595
"PA",2,"t1000","XII",293286,"G","A",0.2609
"PA",2,"t1000","XII",613034,"G","A",0.716
"PA",2,"t1000","XIII",20340,"A","G",0.28
"PA",2,"t1000","XIII",770418,"C","G",0.7077
"PA",2,"t1000","XIV",126725,"A","T",0.3333
"PA",2,"t1000","XIV",358252,"C","T",0.2717
"PA",2,"t1000","XIV",507504,"G","A",0.2
"PA",2,"t1000","XV",196901,"G","A",0.163
"PA",2,"t1000","XV",253030,"A","G",0.1939
"PA",2,"t1000","XV",1020658,"G","C",0.6436
"PA",2,"t1000","XVI",148716,"GACAGCACCAACC","G",0.2254
"PA",2,"t1000","XVI",778763,"G","A",0.2637
"PA",3,"t200","II",316464,"C","G",0.6859
"PA",3,"t200","VII",783134,"C","G",0.2258
"PA",3,"t200","IX",164271,"C","T",0.2941
"PA",3,"t200","X",568812,"G","C",0.2941
"PA",3,"t200","XI",176362,"G","A",0.1975
"PA",3,"t200","XI",513913,"C","A",0.2484
"PA",3,"t200","XIV",440500,"G","A",0.2639
"PA",3,"t200","XV",962650,"A","G",0.3381
"PA",3,"t200","XVI",797232,"C","A",0.2797
"PA",3,"t400","II",316464,"C","G",1
"PA",3,"t400","II",732905,"C","A",0.24
"PA",3,"t400","IV",119927,"C","T",0.1475
"PA",3,"t400","IV",1464160,"A","C",1
"PA",3,"t400","VII",609913,"C","A",0.2787
"PA",3,"t400","VII",783134,"C","G",0.325
"PA",3,"t400","VIII",325431,"G","A",0.2466
"PA",3,"t400","X",300724,"C","A",0.2143
"PA",3,"t400","XI",45164,"C","A",0.2623
"PA",3,"t400","XI",144474,"C","A",0.2542
"PA",3,"t400","XI",176362,"G","A",0.3448
"PA",3,"t400","XII",175255,"A","G",0.3571
"PA",3,"t400","XII",269373,"A","C",0.3333
"PA",3,"t400","XIII",58614,"G","T",0.194
"PA",3,"t400","XIII",299580,"G","A",0.25
"PA",3,"t400","XIII",481828,"A","C",0.2264
"PA",3,"t400","XIV",440500,"G","A",0.3438
"PA",3,"t400","XIV",685594,"T","C",0.1772
"PA",3,"t400","XVI",773079,"C","A",0.2955
"PA",3,"t400","XVI",797232,"C","A",0.283
"PA",3,"t600","II",46915,"T","G",0.25
"PA",3,"t600","II",216219,"C","T",0.2888
"PA",3,"t600","II",316464,"C","G",0.9611
"PA",3,"t600","II",539550,"T","C",0.2289
"PA",3,"t600","IV",119927,"C","T",0.2654
"PA",3,"t600","IV",1464160,"A","C",0.9371
"PA",3,"t600","V",152031,"T","A",0.2486
"PA",3,"t600","V",300896,"G","A",0.224
"PA",3,"t600","V",440250,"C","A",0.2235
"PA",3,"t600","VI",193319,"A","G",0.1429
"PA",3,"t600","VII",50653,"G","T",0.2381
"PA",3,"t600","VII",609913,"C","A",0.2111
"PA",3,"t600","VII",783134,"C","G",0.2474
"PA",3,"t600","VII",1003344,"T","C",0.2426
"PA",3,"t600","XI",176362,"G","A",0.2762
"PA",3,"t600","XI",664249,"G","A",0.2857
"PA",3,"t600","XII",887984,"G","T",0.2527
"PA",3,"t600","XIII",58614,"G","T",0.2295
"PA",3,"t600","XIII",299580,"G","A",0.2892
"PA",3,"t600","XIII",481828,"A","C",0.2247
"PA",3,"t600","XIV",440500,"G","A",0.4196
"PA",3,"t600","XIV",634759,"G","A",0.2404
"PA",3,"t600","XIV",685594,"T","C",0.2171
"PA",3,"t600","XV",330038,"G","A",0.2938
"PA",3,"t600","XV",552901,"A","G",0.264
"PA",3,"t600","XV",962650,"A","G",0.1921
"PA",3,"t600","XVI",773079,"C","A",0.1685
"PA",3,"t600","XVI",797232,"C","A",0.2831
"PA",3,"t1000","II",216219,"C","T",0.2222
"PA",3,"t1000","II",316464,"C","G",1
"PA",3,"t1000","II",347396,"T","C",0.2292
"PA",3,"t1000","II",512086,"C","G",0.1481
"PA",3,"t1000","II",539550,"T","C",0.202
"PA",3,"t1000","II",801325,"T","C",0.2174
"PA",3,"t1000","IV",604414,"G","A",0.2353
"PA",3,"t1000","IV",1464160,"A","C",1
"PA",3,"t1000","V",328888,"G","A",0.3291
"PA",3,"t1000","V",440250,"C","A",0.2174
"PA",3,"t1000","VII",50653,"G","T",0.55
"PA",3,"t1000","VII",303918,"G","C",0.6607
"PA",3,"t1000","VII",609913,"C","A",0.2533
"PA",3,"t1000","VII",783134,"C","G",0.3544
"PA",3,"t1000","IX",179011,"A","T",0.3456
"PA",3,"t1000","X",36431,"C","A",0.2075
"PA",3,"t1000","XI",94702,"G","T",0.2073
"PA",3,"t1000","XI",176362,"G","A",0.1549
"PA",3,"t1000","XIII",58614,"G","T",0.3232
"PA",3,"t1000","XIII",223185,"G","A",0.2773
"PA",3,"t1000","XIII",299580,"G","A",0.3214
"PA",3,"t1000","XIII",481828,"A","C",0.1622
"PA",3,"t1000","XIII",581107,"G","A",0.2247
"PA",3,"t1000","XIII",702179,"C","A",0.2917
"PA",3,"t1000","XIII",791632,"C","G",0.2208
"PA",3,"t1000","XIV",63400,"T","C",0.2655
"PA",3,"t1000","XIV",133360,"G","A",0.2151
"PA",3,"t1000","XIV",634759,"G","A",0.3109
"PA",3,"t1000","XIV",685594,"T","C",0.2054
"PA",3,"t1000","XIV",766366,"G","A",0.1875
"PA",3,"t1000","XV",330038,"G","A",0.2778
"PA",3,"t1000","XV",552901,"A","G",0.2727
"PA",3,"t1000","XV",962650,"A","G",0.2277
"PA",3,"t1000","XVI",280430,"C","T",0.1935
"PA",3,"t1000","XVI",613426,"A","G",0.2411
"PA",3,"t1000","XVI",772728,"C","G",0.3086
"PA",3,"t1000","XVI",773079,"C","A",0.25
"PA",3,"t1000","XVI",797232,"C","A",0.3021
"PA",4,"t200","IV",446557,"C","A",0.1298
"PA",4,"t200","IV",694712,"C","A",0.2762
"PA",4,"t200","V",565447,"C","A",0.2928
"PA",4,"t200","VIII",352802,"C","T",0.2011
"PA",4,"t200","X",222679,"G","T",0.144
"PA",4,"t200","X",648651,"G","A",0.7846
"PA",4,"t200","XI",238416,"G","A",0.254
"PA",4,"t200","XI",340719,"A","C",0.3116
"PA",4,"t200","XI",535395,"C","T",0.2886
"PA",4,"t200","XII",752787,"C","T",0.7833
"PA",4,"t200","XIII",633706,"C","A",0.2606
"PA",4,"t200","XIII",885896,"T","G",0.2179
"PA",4,"t200","XIV",602464,"G","A",0.2903
"PA",4,"t200","XV",334739,"C","G",0.1582
"PA",4,"t200","XV",416132,"A","C",0.2893
"PA",4,"t200","XVI",324770,"T","C",0.3145
"PA",4,"t400","IV",446557,"C","A",0.2414
"PA",4,"t400","IV",575880,"A","C",0.2283
"PA",4,"t400","V",180969,"T","G",0.2444
"PA",4,"t400","V",230025,"G","A",0.2766
"PA",4,"t400","VIII",408357,"C","T",0.2027
"PA",4,"t400","IX",287364,"A","G",0.25
"PA",4,"t400","X",64825,"A","T",0.1781
"PA",4,"t400","X",222679,"G","T",0.3294
"PA",4,"t400","X",545912,"C","T",0.2024
"PA",4,"t400","X",648651,"G","A",0.8438
"PA",4,"t400","XI",52153,"G","A",0.1868
"PA",4,"t400","XI",73457,"G","A",0.3364
"PA",4,"t400","XI",238416,"G","A",0.3474
"PA",4,"t400","XI",506585,"T","A",0.3846
"PA",4,"t400","XI",535395,"C","T",0.3571
"PA",4,"t400","XII",752787,"C","T",1
"PA",4,"t400","XIII",633706,"C","A",0.2771
"PA",4,"t400","XIV",602464,"G","A",0.3967
"PA",4,"t400","XV",135575,"A","G",0.2857
"PA",4,"t400","XV",334739,"C","G",0.3238
"PA",4,"t400","XV",727817,"C","T",0.5094
"PA",4,"t400","XVI",21259,"C","T",0.1812
"PA",4,"t400","XVI",324770,"T","C",0.2842
"PA",4,"t400","XVI",379696,"G","A",0.2209
"PA",4,"t400","XVI",892348,"C","A",0.2614
"PA",4,"t600","II",451575,"T","C",0.1744
"PA",4,"t600","IV",446557,"C","A",0.2727
"PA",4,"t600","IV",575880,"A","C",0.2368
"PA",4,"t600","V",109452,"G","A",0.2766
"PA",4,"t600","V",230025,"G","A",0.2037
"PA",4,"t600","VII",225455,"G","T",0.25
"PA",4,"t600","VII",248616,"C","G",0.2034
"PA",4,"t600","VII",828438,"T","C",0.2083
"PA",4,"t600","VII",1065839,"C","G",0.3016
"PA",4,"t600","VIII",139319,"T","C",0.1286
"PA",4,"t600","VIII",352802,"C","T",0.2
"PA",4,"t600","IX",287364,"A","G",0.225
"PA",4,"t600","X",64825,"A","T",0.2113
"PA",4,"t600","X",222679,"G","T",0.2698
"PA",4,"t600","XI",73457,"G","A",0.3462
"PA",4,"t600","XI",238416,"G","A",0.4308
"PA",4,"t600","XI",491849,"C","T",0.2
"PA",4,"t600","XI",506585,"T","A",0.3
"PA",4,"t600","XI",535395,"C","T",0.172
"PA",4,"t600","XII",752787,"C","T",1
"PA",4,"t600","XIII",423265,"G","A",0.1923
"PA",4,"t600","XIII",633706,"C","A",0.2881
"PA",4,"t600","XIV",282400,"G","C",0.2778
"PA",4,"t600","XIV",602464,"G","A",0.5269
"PA",4,"t600","XV",135575,"A","G",0.2456
"PA",4,"t600","XV",334739,"C","G",0.2619
"PA",4,"t600","XV",727817,"C","T",0.6176
"PA",4,"t600","XV",747049,"C","T",0.3448
"PA",4,"t600","XVI",21259,"C","T",0.1491
"PA",4,"t600","XVI",324770,"T","C",0.2195
"PA",4,"t600","XVI",379696,"G","A",0.2745
"PA",4,"t600","XVI",710052,"C","T",0.2034
"PA",4,"t600","XVI",887132,"C","A",0.1915
"PA",4,"t600","XVI",892348,"C","A",0.3243
"PA",4,"t1000","I",40105,"C","G",0.3333
"PA",4,"t1000","II",451575,"T","C",0.1553
"PA",4,"t1000","II",513563,"G","C",0.117
"PA",4,"t1000","II",669658,"G","C",0.2019
"PA",4,"t1000","II",789362,"G","A",0.1908
"PA",4,"t1000","IV",446557,"C","A",0.2063
"PA",4,"t1000","IV",575880,"A","C",0.2391
"PA",4,"t1000","V",109452,"G","A",0.2031
"PA",4,"t1000","V",185933,"A","G",0.2088
"PA",4,"t1000","V",230025,"G","A",0.3084
"PA",4,"t1000","VII",155308,"C","G",0.2439
"PA",4,"t1000","VII",225455,"G","T",0.1485
"PA",4,"t1000","VII",299327,"A","C",0.1364
"PA",4,"t1000","VII",428370,"G","T",0.3434
"PA",4,"t1000","VII",487770,"G","C",0.1959
"PA",4,"t1000","VII",828438,"T","C",0.1538
"PA",4,"t1000","VII",1065839,"C","G",0.232
"PA",4,"t1000","VIII",139319,"T","C",0.1553
"PA",4,"t1000","VIII",292486,"T","C",0.2188
"PA",4,"t1000","VIII",309574,"G","T",0.2737
"PA",4,"t1000","VIII",352802,"C","T",0.2151
"PA",4,"t1000","VIII",408357,"C","T",0.2
"PA",4,"t1000","X",155182,"G","T",0.2188
"PA",4,"t1000","X",222679,"G","T",0.125
"PA",4,"t1000","X",545912,"C","T",0.2018
"PA",4,"t1000","X",648651,"G","A",0.7863
"PA",4,"t1000","XI",52153,"G","A",0.2626
"PA",4,"t1000","XI",73457,"G","A",0.4862
"PA",4,"t1000","XI",238416,"G","A",0.381
"PA",4,"t1000","XI",506585,"T","A",0.3333
"PA",4,"t1000","XI",535395,"C","T",0.1545
"PA",4,"t1000","XII",509977,"C","A",0.2471
"PA",4,"t1000","XII",752787,"C","T",1
"PA",4,"t1000","XIII",633706,"C","A",0.1579
"PA",4,"t1000","XIV",602464,"G","A",0.325
"PA",4,"t1000","XV",135575,"A","G",0.3163
"PA",4,"t1000","XV",334739,"C","G",0.23
"PA",4,"t1000","XV",727817,"C","T",0.5079
"PA",4,"t1000","XVI",21259,"C","T",0.1012
"PA",4,"t1000","XVI",324770,"T","C",0.2143
"PA",4,"t1000","XVI",468176,"C","A",0.24
"PA",4,"t1000","XVI",710052,"C","T",0.2875
"PA",4,"t1000","XVI",892348,"C","A",0.3171
"PA",5,"t200","II",427526,"A","G",0.189
"PA",5,"t200","IV",1271535,"G","C",0.1944
"PA",5,"t200","V",519003,"C","T",0.3478
"PA",5,"t200","VI",221444,"G","A",0.2612
"PA",5,"t200","VII",608931,"C","T",0.2759
"PA",5,"t200","VII",642643,"G","A",0.25
"PA",5,"t200","VII",808461,"A","G",0.1505
"PA",5,"t200","VII",955515,"G","A",0.3087
"PA",5,"t200","X",648705,"G","T",0.7895
"PA",5,"t200","XI",143509,"C","T",0.2164
"PA",5,"t200","XI",520188,"G","A",0.2481
"PA",5,"t200","XII",850697,"A","G",0.4296
"PA",5,"t200","XVI",897565,"C","T",0.7031
"PA",5,"t400","II",173895,"G","A",0.2597
"PA",5,"t400","II",427526,"A","G",0.2308
"PA",5,"t400","IV",198682,"C","A",0.5909
"PA",5,"t400","V",519003,"C","T",0.1765
"PA",5,"t400","VI",221444,"G","A",0.3158
"PA",5,"t400","VII",642643,"G","A",0.2041
"PA",5,"t400","VII",749093,"C","G",0.2143
"PA",5,"t400","VII",808461,"A","G",0.5556
"PA",5,"t400","VII",955515,"G","A",0.2917
"PA",5,"t400","VIII",40034,"G","C",0.1951
"PA",5,"t400","X",282015,"C","A",0.1667
"PA",5,"t400","X",715727,"C","T",0.3333
"PA",5,"t400","XI",143509,"C","T",0.3111
"PA",5,"t400","XI",520188,"G","A",0.2593
"PA",5,"t400","XII",850697,"A","G",0.75
"PA",5,"t400","XII",886620,"C","T",0.2308
"PA",5,"t400","XVI",897565,"C","T",0.7407
"PA",5,"t600","I",37165,"G","T",0.25
"PA",5,"t600","II",91979,"G","C",0.234042553191489
"PA",5,"t600","II",129347,"G","T",0.206896551724138
"PA",5,"t600","II",427526,"A","G",0.2
"PA",5,"t600","II",765986,"A","T",0.122448979591837
"PA",5,"t600","III",68202,"G","A",0.283018867924528
"PA",5,"t600","IV",376607,"C","A",0.317073170731707
"PA",5,"t600","IV",1110025,"T","C",0.8
"PA",5,"t600","V",443248,"G","A",0.16
"PA",5,"t600","V",519003,"C","T",0.41025641025641
"PA",5,"t600","VI",221444,"G","A",0.244444444444444
"PA",5,"t600","VII",164451,"G","T",0.407407407407407
"PA",5,"t600","VII",185682,"A","T",0.22
"PA",5,"t600","VII",608931,"C","T",0.263157894736842
"PA",5,"t600","VII",642643,"G","A",0.259259259259259
"PA",5,"t600","VII",749381,"C","A",0.146341463414634
"PA",5,"t600","VII",808461,"A","G",0.235294117647059
"PA",5,"t600","VII",955515,"G","A",0.607142857142857
"PA",5,"t600","VIII",311049,"T","A",0.171052631578947
"PA",5,"t600","X",648705,"G","T",0.629032258064516
"PA",5,"t600","XI",520188,"G","A",0.243589743589744
"PA",5,"t600","XII",37172,"G","A",0.433333333333333
"PA",5,"t600","XII",842525,"C","G",0.695652173913043
"PA",5,"t600","XII",850697,"A","G",1
"PA",5,"t600","XIII",609081,"T","C",0.135135135135135
"PA",5,"t600","XIII",609093,"C","T",0.135135135135135
"PA",5,"t600","XIII",916665,"G","C",0.365853658536585
"PA",5,"t600","XV",713872,"C","G",0.242424242424242
"PA",5,"t600","XVI",111595,"A","T",0.379310344827586
"PA",5,"t600","XVI",196719,"G","T",0.324324324324324
"PA",5,"t600","XVI",756147,"C","T",0.4375
"PA",5,"t600","XVI",897565,"C","T",1
"PA",5,"t1000","I",37165,"G","T",0.2889
"PA",5,"t1000","II",20566,"T","G",0.2672
"PA",5,"t1000","II",91979,"G","C",0.3462
"PA",5,"t1000","II",129347,"G","T",0.2212
"PA",5,"t1000","II",427526,"A","G",0.2821
"PA",5,"t1000","II",500887,"C","A",0.3113
"PA",5,"t1000","II",765986,"A","T",0.2454
"PA",5,"t1000","IV",114679,"C","T",0.2941
"PA",5,"t1000","IV",258337,"T","C",0.2913
"PA",5,"t1000","IV",376607,"C","A",0.1522
"PA",5,"t1000","IV",394922,"C","T",0.2687
"PA",5,"t1000","IV",450623,"G","A",0.2567
"PA",5,"t1000","IV",1110025,"T","C",0.403
"PA",5,"t1000","IV",1500766,"G","T",0.2913
"PA",5,"t1000","V",410832,"C","T",0.2857
"PA",5,"t1000","V",519003,"C","T",0.197
"PA",5,"t1000","VI",221444,"G","A",0.2328
"PA",5,"t1000","VII",164451,"G","T",0.2788
"PA",5,"t1000","VII",185682,"A","T",0.2839
"PA",5,"t1000","VII",608931,"C","T",0.2804
"PA",5,"t1000","VII",642643,"G","A",0.2518
"PA",5,"t1000","VII",768878,"A","T",0.2234
"PA",5,"t1000","VII",808461,"A","G",0.2718
"PA",5,"t1000","VII",850364,"C","T",0.2194
"PA",5,"t1000","VII",855333,"G","A",0.2381
"PA",5,"t1000","VII",955515,"G","A",1
"PA",5,"t1000","VIII",311049,"T","A",0.1888
"PA",5,"t1000","VIII",344281,"G","A",0.186
"PA",5,"t1000","X",648705,"G","T",1
"PA",5,"t1000","X",720579,"A","G",0.2121
"PA",5,"t1000","XI",515669,"T","C",0.25
"PA",5,"t1000","XI",520188,"G","A",0.2396
"PA",5,"t1000","XII",37172,"G","A",0.5376
"PA",5,"t1000","XII",496612,"T","A",0.3196
"PA",5,"t1000","XII",842525,"C","G",1
"PA",5,"t1000","XII",850697,"A","G",1
"PA",5,"t1000","XIII",117168,"T","C",0.2031
"PA",5,"t1000","XIII",290145,"C","A",0.2596
"PA",5,"t1000","XIII",774010,"C","T",0.3114
"PA",5,"t1000","XIV",450876,"C","A",0.1865
"PA",5,"t1000","XIV",512321,"T","G",0.1522
"PA",5,"t1000","XV",497123,"G","T",0.2532
"PA",5,"t1000","XV",695590,"G","C",0.2568
"PA",5,"t1000","XV",713872,"C","G",0.2353
"PA",5,"t1000","XV",896546,"C","A",0.2522
"PA",5,"t1000","XV",957958,"T","C",0.306
"PA",5,"t1000","XVI",111595,"A","T",0.2368
"PA",5,"t1000","XVI",196719,"G","T",0.2276
"PA",5,"t1000","XVI",897565,"C","T",1
